{"cameraMode":{"drawMode":0,"name":"Shaded","section":"Shading Mode"},"sceneLighting":true,"audioPlay":false,"sceneViewState":{"showFog":true,"showMaterialUpdate":true,"showSkybox":true,"showFlares":true,"showImageEffects":true,"showParticleSystems":true},"in2DMode":false,"pivot":{"x":0.16319794952869416,"y":-0.15869994461536408,"z":0.15283767879009248},"rotation":{"x":0.05034932494163513,"y":0.03295198455452919,"z":-0.001662009977735579,"w":0.9981873631477356},"size":2.5338144302368166,"orthographic":true}