{"cameraMode":{"drawMode":0,"name":"Shaded","section":"Shading Mode"},"sceneLighting":true,"audioPlay":false,"sceneViewState":{"showFog":true,"showMaterialUpdate":true,"showSkybox":true,"showFlares":true,"showImageEffects":true,"showParticleSystems":true},"in2DMode":false,"pivot":{"x":-1.744187831878662,"y":2.5102791786193849,"z":-0.10652518272399903},"rotation":{"x":-0.12293493747711182,"y":0.8178419470787048,"z":-0.1900353580713272,"w":-0.5290694832801819},"size":4.094243049621582,"orthographic":false}