{"cameraMode":{"drawMode":0,"name":"Shaded","section":"Shading Mode"},"sceneLighting":true,"audioPlay":false,"sceneViewState":{"showFog":true,"showMaterialUpdate":true,"showSkybox":true,"showFlares":true,"showImageEffects":true,"showParticleSystems":true},"in2DMode":false,"pivot":{"x":-1.7498111724853516,"y":3.602339506149292,"z":-1.0553158521652222},"rotation":{"x":-0.14872443675994874,"y":0.7820078730583191,"z":-0.20410890877246858,"w":-0.5698131322860718},"size":6.800256252288818,"orthographic":false}