{"cameraMode":{"drawMode":0,"name":"Shaded","section":"Shading Mode"},"sceneLighting":true,"audioPlay":false,"sceneViewState":{"showFog":true,"showMaterialUpdate":true,"showSkybox":true,"showFlares":true,"showImageEffects":true,"showParticleSystems":true},"in2DMode":false,"pivot":{"x":0.8767072558403015,"y":0.2295977920293808,"z":-1.4363534450531006},"rotation":{"x":-0.23854133486747743,"y":0.7138285636901856,"z":-0.2874421775341034,"w":-0.5923961400985718},"size":4.094243049621582,"orthographic":false}