{"cameraMode":{"drawMode":0,"name":"Shaded","section":"Shading Mode"},"sceneLighting":true,"audioPlay":false,"sceneViewState":{"showFog":true,"showMaterialUpdate":true,"showSkybox":true,"showFlares":true,"showImageEffects":true,"showParticleSystems":true},"in2DMode":false,"pivot":{"x":-0.6431485414505005,"y":1.5735015869140626,"z":0.22546440362930299},"rotation":{"x":-0.13881175220012666,"y":0.7342313528060913,"z":-0.15788578987121583,"w":-0.6455299854278565},"size":3.2002546787261965,"orthographic":false}