{"cameraMode":{"drawMode":0,"name":"Shaded","section":"Shading Mode"},"sceneLighting":true,"audioPlay":false,"sceneViewState":{"showFog":true,"showMaterialUpdate":true,"showSkybox":true,"showFlares":true,"showImageEffects":true,"showParticleSystems":true},"in2DMode":false,"pivot":{"x":0.876706600189209,"y":1.6474697589874268,"z":-1.1796503067016602},"rotation":{"x":0.18349115550518037,"y":-0.6828846335411072,"z":0.1834913045167923,"w":0.6828846335411072},"size":3.794243097305298,"orthographic":false}