{"cameraMode":{"drawMode":0,"name":"Shaded","section":"Shading Mode"},"sceneLighting":true,"audioPlay":false,"sceneViewState":{"showFog":true,"showMaterialUpdate":true,"showSkybox":true,"showFlares":true,"showImageEffects":true,"showParticleSystems":true},"in2DMode":false,"pivot":{"x":-0.4732450246810913,"y":0.5457170009613037,"z":-0.17312422394752503},"rotation":{"x":-0.00019725793390534818,"y":0.7714378833770752,"z":-0.00023901327222120017,"w":-0.6363052129745483},"size":3.5002546310424806,"orthographic":false}