{"cameraMode":{"drawMode":0,"name":"Shaded","section":"Shading Mode"},"sceneLighting":true,"audioPlay":false,"sceneViewState":{"showFog":true,"showMaterialUpdate":true,"showSkybox":true,"showFlares":true,"showImageEffects":true,"showParticleSystems":true},"in2DMode":false,"pivot":{"x":-1.951526165008545,"y":3.5688931941986086,"z":-0.0735619068145752},"rotation":{"x":-0.13434439897537232,"y":0.7734139561653137,"z":-0.17482741177082063,"w":-0.5943228602409363},"size":3.2002546787261965,"orthographic":false}