{"cameraMode":{"drawMode":0,"name":"Shaded","section":"Shading Mode"},"sceneLighting":true,"audioPlay":false,"sceneViewState":{"showFog":true,"showMaterialUpdate":true,"showSkybox":true,"showFlares":true,"showImageEffects":true,"showParticleSystems":true},"in2DMode":false,"pivot":{"x":-1.6180431842803956,"y":2.1937029361724855,"z":0.6905176639556885},"rotation":{"x":0.1196020245552063,"y":0.12770387530326844,"z":-0.015513652004301548,"w":0.984454333782196},"size":4.365305423736572,"orthographic":true}