{"cameraMode":{"drawMode":0,"name":"Shaded","section":"Shading Mode"},"sceneLighting":true,"audioPlay":false,"sceneViewState":{"showFog":true,"showMaterialUpdate":true,"showSkybox":true,"showFlares":true,"showImageEffects":true,"showParticleSystems":true},"in2DMode":false,"pivot":{"x":3.245248317718506,"y":0.578860878944397,"z":5.678792476654053},"rotation":{"x":-0.012196430005133152,"y":-0.6733821034431458,"z":-0.011111816391348839,"w":0.73911052942276},"size":4.285025119781494,"orthographic":false}